Beer Name,Brewery,Beer Style,ABV
1554,New Belgium Brewing Company,Lager - Black,5.6
#9,Magic Hat Brewing Company,Pale Ale - American,5.1
120 Minute IPA,Dogfish Head Craft Brewery,IPA - Imperial / Double,18
2 Biggie,Greenbush Brewing Company,Barleywine - American,9.8
2-Wheeler Witbier,Original Gravity Brewing Company,Witbier,5.6
3 Scrooges,Griffin Claw Brewing Company,Winter Ale,6.5
312 Urban Wheat Ale,Goose Island Beer Co.,Pale Wheat Ale - American,4.2
343 Day Pale Ale,Lil' Juniper,Pale Ale - Belgian,5
60 Minute IPA,Dogfish Head Craft Brewery,IPA - American,6
90 Minute IPA,Dogfish Head Craft Brewery,IPA - Imperial / Double,9
90 Schilling Scotch Ale,Royal Oak Brewery,Scotch Ale / Wee Heavy,8.5
98 Problems IPA,Perrin Brewing Co.,IPA - American,6.5
A Little Sumpin' Sumpin' Ale,Lagunitas Brewing Company,Pale Wheat Ale - American,7.5
A Saison Darkly,Stillwater Artisanal Ales,Saison / Farmhouse Ale,8
Abbaye de St. Martin Triple,Brasserie de Brunehaut,Belgian Tripel,9
Accumulation,New Belgium Brewing Company,IPA - White,6.2
Ace Pineapple Cider,Ace Cider (The California Cider Company),Cider,5
Ain’t No Sunshine When Saison,Odd Side Ales,Saison / Farmhouse Ale,6
Alien Einstein,Short's Brewing Company,Lager - IPL (India Pale Lager),5.5
All Day IPA,Founders Brewing Co.,IPA - Session / India Session Ale,4.7
Amber Ale,"Bell's Brewery, Inc.",Red Ale - American Amber / Red,5.8
Anger,Greenbush Brewing Company,IPA - Black / Cascadian Dark Ale,7.6
Angler's Ale,Arcadia Brewing Company (Arcadia Ales),Pale Ale - English,5.4
Anniversary Ale,Short's Brewing Company,Wheat Wine,9.3
Aphrodisiaque / Aphrodite,Brasserie Dieu du Ciel!,Stout - American,6.5
Appenzeller Quöllfrisch Naturtrüb,Brauerei Locher,Kellerbier / Zwickelbier,4.8
Appenzeller Schwarzer Kristall,Brauerei Locher,Schwarzbier,6.3
Appenzeller Vollmond Bier,Brauerei Locher,Lager - Helles,5.2
Appenzeller Weizenbier,Brauerei Locher,Hefeweizen,5
Apple Pi,B. Nektar Meadery,Mead,12
Apricot Cardamom Mead,B. Nektar Meadery,Mead,6
Armageddon Grand Cru,Dragonmead Microbrewery,Belgian Quad,11.6
Arrogant Bastard Ale,Arrogant Bastard Brewing Company,Strong Ale - American,7.2
Asahi Super Dry,Asahi Breweries,Lager - Japanese Rice,5
Atomic Tauntaun Overdrive,Greenbush Brewing Company,Fruit Beer,7.7
Atwood Amber,Tenacity Brewing,Red Ale - American Amber / Red,4.7
Avalanche Amber Ale,Breckenridge Brewery,Red Ale - American Amber / Red,4.4
B-Craft Black Double IPA,Arcadia Brewing Company (Arcadia Ales),IPA - Imperial / Double Black,8.5
Baba O'Reilly Red,B.O.B.'s Brewery,Red Ale - American Amber / Red,0
Baba Organic Black Lager,Uinta Brewing Company,Lager - Black,4
Backwoods Bastard,Founders Brewing Co.,Scotch Ale / Wee Heavy,11.6
Backyard Session IPA,Saugatuck Brewing Company,IPA - Session / India Session Ale,4.5
Bam Bière,Jolly Pumpkin Artisan Ales,Saison / Farmhouse Ale,4.5
Banana Bread Beer,Charles Wells Brewery,Fruit Beer,5.2
Barrel Aged CEO Stout,Right Brain Brewery,Stout - Other,7.5
Barrel-Aged Dystopia,Greenbush Brewing Company,Stout - Russian Imperial,9.5
Basement Fire,Wolverine State Brewing Co.,Smoked Beer,5.8
Basic Bitch,Tenacity Brewing,Blonde Ale - Belgian Blonde / Golden,4.8
Baudelaire Beer iO Saison,Jolly Pumpkin Artisan Ales,Saison / Farmhouse Ale,6.8
Beach Wheat,Short's Brewing Company,Hefeweizen,4.5
Bean Flicker Blonde,Odd Side Ales,Blonde Ale,4.5
Beck's Sapphire,Anheuser-Busch,Lager - Pale,6
Beer Geek Breakfast,Mikkeller,Stout - Imperial Oatmeal,7.5
Beerhive Honey Ginger Tripel,New Holland Brewing Company,Belgian Tripel,8.5
Belgian Blonde,Bastone Brewery,Blonde Ale,4
Belgian Boogie,Roak Brewing Co.,Blonde Ale - Belgian Blonde / Golden,6.5
Belgian CEO,Right Brain Brewery,Stout - American,5.5
Belgian Golden Strong,Farmington Brewing Company,Belgian Strong Pale Ale,9.1
Belgian White,Shock Top Brewing Co.,Witbier,5.2
Berlinerweiss,Griffin Claw Brewing Company,Berliner Weisse,3.5
Best Brown Ale,"Bell's Brewery, Inc.",Brown Ale - American,5.8
Biere De Mars (Lips of Faith),New Belgium Brewing Company,American Wild Ale,6.2
Big Bad Baptist,"Epic Brewing Co. (Utah, Colorado)",Stout - American Imperial / Double,12.1
Big Eddy Royal Nektar,Jacob Leinenkugel Brewing Company,Braggot,9.5
Big Red Coq,Brewery Vivant,Red Ale - American Amber / Red,6
Bigfoot (2015),Sierra Nevada Brewing Co.,Barleywine - American,9.6
Billy’s Beer (Lips of Faith),New Belgium Brewing Company,Fruit Beer,9.5
Bim Bam Boom,Short's Brewing Company,Stout - Imperial Oatmeal,7.4
Birra Etrusca Bronze,Dogfish Head Craft Brewery,Gruit / Ancient Herbed Ale,8.5
Black,Perrin Brewing Co.,Dark Ale,5.8
Black 13,Bastone Brewery,Belgian Strong Dark Ale,8
Black Bottom Double Oatmeal Stout,Black Lotus Brewery,Stout - Other,8.9
Black Butte Porter,Deschutes Brewery,Porter - American,5.2
Black Butte XXVII,Deschutes Brewery,Porter - Imperial / Double,11
Black Chai: India Cream Ale,Short's Brewing Company,Herbed / Spiced Beer,5
Black Cherry Wheat,ThumbCoast Brewing Company,Fruit Beer,5.5
Black Diamond,Short's Brewing Company,Lager - Black,5.1
Black Fang,B. Nektar Meadery,Mead,6
Black Flag Saison,Roak Brewing Co.,Saison / Farmhouse Ale,6.2
Black Harbor Stout,Boston Beer Company (Samuel Adams),Stout - Imperial / Double,11
Black Marlin Porter,Ballast Point Brewing & Spirits,Porter - American,6
Black Rye,Founders Brewing Co.,Rye Beer / Rye IPA,7.5
Black Tulip,New Holland Brewing Company,Belgian Tripel,10.5
Blaecorn Unidragon,Clown Shoes,Stout - Russian Imperial,12.5
Blanc Evolution,Moa Brewing Company,Witbier,6.2
Blanche de Bruxelles,Brasserie Lefebvre,Witbier,4.5
Blithering Idiot,Weyerbacher Brewing Company,Barleywine - English,11.1
Bloktoberfest,Atwater Brewery,Märzen,6.3
Blondie,B.O.B.'s Brewery,Golden Ale,4.5
Blood & Honey,Revolver Brewing,Pale Wheat Ale - American,7
Blood Orange Honey,Cheboygan Brewing Company,Pale Wheat Ale - American,5.7
Bloody Orange Wheat,Odd Side Ales,Pale Wheat Ale - American,5.4
Blue Paddle,New Belgium Brewing Company,Pilsner - Czech,4.8
Blueberry Cobbler,Atwater Brewery,Fruit Beer,8
Blur Texas Hefe,Circle Brewing Co.,Hefeweizen,4.6
Blushing Monk (2015),Founders Brewing Co.,Fruit Beer,9.2
Bobinator,B.O.B.'s Brewery,Doppelbock ,8.5
Boffo Brown Ale,Dark Horse Brewing Co.,Brown Ale - American,7
Bolshevik Bastard,Nickel Brook Brewing Co.,Stout - Russian Imperial,9
Bonecrusher Stout,Schmohz Brewing Company,Stout - American,6.4
Bourbon Abominable,Fremont Brewing,Winter Ale,11
Bourbon Barrel 4th Dimension Olde Ale With Brett,Kuhnhenn Brewing Company ,Old Ale,13.5
Bourbon Barrel Aged Citra Pale Ale,Odd Side Ales,Pale Ale - American,5.75
Bourbon Barrel Aged Lucifer's Cuvée,Latitude 42 Brewing Company,Stout - Imperial / Double,11
Bourbon Barrel Aged Teufel Weizen Dopplebock,Atwater Brewery,Bock,10.9
Bourbon Happy Jack,Short's Brewing Company,Scottish Ale,5.5
Bourbon Imperial Screamin' Pumpkin,Griffin Claw Brewing Company,Pumpkin / Yam Beer,9
Breakfast Stout,Founders Brewing Co.,Stout - American Imperial / Double,8.3
Breath of the Dragon English Bitter,Dragonmead Microbrewery,English Bitter,4.5
Brew Askew,Superior Lakes,Mead,11
Brick Red Ale,Royal Oak Brewery,Red Ale - American Amber / Red,0
Brik,MIP BEER,Red Ale - Irish,5.2
BRIPA,Brewery Vivant,IPA - Black / Cascadian Dark Ale,6.25
Bristlecone Brown Ale,Uinta Brewing Company,Brown Ale - American,4
Broken Promises,Greenbush Brewing Company,IPA - American,7.9
Bucktricity Kills,Short's Brewing Company,Berliner Weisse,3.2
Bud Light,Anheuser-Busch,Lager - American Light,4.2
Bud Light & Clamato Chelada,Anheuser-Busch,Fruit Beer,4.2
Bud Light Platinum,Anheuser-Busch,Lager - American Light,6
Budweiser,Anheuser-Busch,Lager - North American Adjunct,5
Budweiser Select,Anheuser-Busch,Lager - American Light,4.3
Burning River Pale Ale,Great Lakes Brewing Company ,Pale Ale - American,6
Burton Baton (2015),Dogfish Head Craft Brewery,IPA - Imperial / Double,10
Butt Head Bock Lager,Tommyknocker Brewery,Doppelbock ,8.2
Cabin Fever Brown Ale,New Holland Brewing Company,Brown Ale - American,6.5
Calypso Berliner Weisse Enigma,Siren Craft Brew,Berliner Weisse,4
Capricorn Dark Chocolate Absinthe Donut Stout,Harmony Brewing Company,Stout - American,8
Car Ramrod,Meadowlark Brewing,Pilsner - Imperial / Double,7.7
Caramel Nitro,Perrin Brewing Co.,Other,3.9
Carob Stout,Short's Brewing Company,Stout - American,6.4
Castaway IPA,Kona Brewing Company,IPA - American,6
Castlebrite Apricot Ale,Dragonmead Microbrewery,Fruit Beer,5.1
Cellar Series: Chocolate,Woodchuck Cidery,Cider,6.9
Cemeterian,Brewery Vivant,Belgian Strong Dark Ale,6.7
Centennial IPA,Founders Brewing Co.,IPA - American,7.2
Centennial Silver Foam,Grand Rapids Brewing Company,Pilsner - Other,4.5
CEO Stout,Right Brain Brewery,Stout - Other,5.5
Cereal Killer Barleywine,Arcadia Brewing Company (Arcadia Ales),Barleywine - English,10
Cerveza de Julie,Short's Brewing Company,Lager - North American Adjunct,5
Chai-Spiced Imperial Russian Stout (2015),Stone Brewing Company,Stout - Russian Imperial,10.6
Cheap Date,Arcadia Brewing Company (Arcadia Ales),Pale Ale - American,4.3
Cherry Stout,Atwater Brewery,Stout - American,6.5
Cherry' O,Cranker's Brewery,Pale Wheat Ale - American,5.5
Chi Town Windy City Wheat,Chicago Beer Company,Witbier,5
Chillindamos,Odd Side Ales,Lager - Pale,4.5
Chimay Blanche (Cinq Cents),Bières de Chimay (Abbaye Notre Dame de Scourmont),Belgian Tripel,8
Chimay Bleue (Grande Réserve),Bières de Chimay (Abbaye Notre Dame de Scourmont),Belgian Strong Dark Ale,9
CHIMP,Blue Moon Brewing Company,Pale Wheat Ale - American,9.5
Chinnicks Wit,Grand Rapids Brewing Company,Berliner Weisse,4.6
Chocolade Koffie Stout,Odd Side Ales,Stout - Other,6
Chocolate Sombrero,Clown Shoes,Stout - American Imperial / Double,9
Christmas Ale,Great Lakes Brewing Company ,Winter Ale,7.5
Citra Melon Session Ale,Paw Paw Brewing Company,IPA - Session / India Session Ale,4.8
Citra Sunshine Slacker,Evil Twin Brewing,IPA - Session / India Session Ale,4.5
Claw-Town Cream Ale,Black Lotus Brewery,Cream Ale,4.4
Clementine,Clown Shoes,Witbier,6
Clementine Lemon-Thyme,Liberty Street Brewing Company,Pale Wheat Ale - American,5.5
Closure,Greenbush Brewing Company,Pale Ale - American,6.1
Cobblestone Stout,Mill Street Brewery,Stout - Irish Dry,4.2
Cocoa Mole (Lips of Faith),New Belgium Brewing Company,Chile Beer,9
Colt 45,Pabst Brewing Company,Malt Liquor ,6.1
Consecrator Doppelbock,"Bell's Brewery, Inc.",Doppelbock ,8
Convict Hill,Independence Brewing Co.,Stout - Oatmeal,8
Cool Hand Cuke,Right Brain Brewery,Saison / Farmhouse Ale,6.1
Coors Light,Coors Brewing Company,Lager - American Light,4.2
Coors Light Citrus Radler,Coors Brewing Company,Radler,4.2
Coors Light Summer Brew,Coors Brewing Company,Radler,3.9
Coors Original,Coors Brewing Company,Lager - North American Adjunct,5
Corktown Rye IPA,Atwater Brewery,Rye Beer / Rye IPA,6.2
Cornlaboration,Perrin Brewing Co.,Pilsner - Other,5.8
"Corona Extra (Coronita, Familiar, Mega)",Grupo Modelo S.A. de C.V.,Lager - North American Adjunct,4.6
Courthouse Kolsch,Tilted Axis Brewing Company,Kölsch,4
Cran-Spruce Ale,Alaskan Brewing Co.,Witbier,5.8
Cranberry Ginger Shandy,Jacob Leinenkugel Brewing Company,Radler,4.2
Creamsicle Stout,Saugatuck Brewing Company,Stout - American,4.6
Crim Stout,Sherwood Brewing Company,Stout - Other,0
Crimson King,B.O.B.'s Brewery,Red Ale - American Amber / Red,5.8
Crisp Apple,Angry Orchard Cider Company,Cider,5
Critical Stout,Tenacity Brewing,Stout - American,5.6
Crooked Tree IPA,Dark Horse Brewing Co.,IPA - American,6.5
Crystal Pale Ale,Boston Beer Company (Samuel Adams),Pale Ale - American,5.3
Custom Blonde,Woodward Avenue Brewers,Lager - Pale,5
Custom Porter,Woodward Avenue Brewers,Porter - Other,5.2
Cyrus Black IPA,Royal Oak Brewery,IPA - Black / Cascadian Dark Ale,6.75
Czech Engine Light Pilsner,Woodward Avenue Brewers,Pilsner - Czech,5
Dale's Pale Ale,Oskar Blues Brewery,Pale Ale - American,6.5
Dallas Blonde,Deep Ellum Brewing Company,Blonde Ale,5.2
Dark Helmet Schwarzbier,Kuhnhenn Brewing Company ,Schwarzbier,6.5
Dark Mild,Cains,English Mild Ale,3.2
Dark Passenger (2014),Griffin Claw Brewing Company,Wheat Wine,12
Dark Wheat,Falling Down Beer Company,Pale Wheat Ale - American,5.2
Deacon Blues,Short's Brewing Company,Pale Ale - Belgian,4.4
Dead Monk Abbey Ale,Dragonmead Microbrewery,Belgian Strong Pale Ale,8
Death By Coconut,Oskar Blues Brewery,Porter - Other,6.5
Devil Dog,Roak Brewing Co.,Stout - Oatmeal,8.5
Devil's Backbone,Real Ale Brewing Company,Belgian Tripel,8.1
DirtWolf,Victory Brewing Company,IPA - Imperial / Double,8.7
Dirty Bastard,Founders Brewing Co.,Scotch Ale / Wee Heavy,8.5
Dirty Blonde,Atwater Brewery,Witbier,4.5
Distorter,Greenbush Brewing Company,Porter - Other,7.2
Dolly Dagger,Short's Brewing Company,IPA - Belgian,7.4
Dortmunder Gold,Great Lakes Brewing Company ,Lager - Dortmunder / Export,5.8
Dos Equis Ambar,Cervecería Cuauhtémoc Moctezuma S.A. de C.V.,Lager -  Vienna / Amber,4.7
Double Crooked Tree IPA,Dark Horse Brewing Co.,IPA - Imperial / Double,12
Double Stout,Green Flash Brewing Company,Stout - American Imperial / Double,8.8
Double Trouble,Founders Brewing Co.,IPA - Imperial / Double,9.4
Downtown Dunkel,Tenacity Brewing,Dunkelweizen,4.5
Dr. Zeus,Short's Brewing Company,IPA - English,4.8
Dragon's Milk,New Holland Brewing Company,Stout - American Imperial / Double,11
Dragon's Milk Reserve: Triple-Mashed Stout (2015),New Holland Brewing Company,Stout - American Imperial / Double,14
Dragon's Milk Reserve: With Raspberries (2014),New Holland Brewing Company,Stout - American Imperial / Double,11
Dragon's Milk Reserve: With Raspberries (2015),New Holland Brewing Company,Stout - Imperial / Double,11
Dragon's Milk Reserve: With Toasted Chiles,New Holland Brewing Company,Stout - American Imperial / Double,11
Drew & Steve's Imperial Mutt Brown Ale (Spotlight Series),Stone Brewing Company,Brown Ale - Imperial / Double,9
Drioma,Red Rock Brewing Co.,Stout - Russian Imperial,10.1
DRIPA,Kuhnhenn Brewing Company ,IPA - Imperial / Double,9.5
Dubbel Dragon,Dragonmead Microbrewery,Belgian Dubbel,7.2
Dubbel Vision,Bastone Brewery,Belgian Strong Dark Ale,7.5
Dubhghaill's Irish Stout,ThumbCoast Brewing Company,Stout - Irish Dry,4.9
Duchesse de Bourgogne,Brouwerij Verhaeghe,Flanders Red Ale,6.2
duganA IPA,Avery Brewing Company,IPA - Imperial / Double,8.5
Dulle Teve 10º (Mad Bitch),Brouwerij De Dolle Brouwers,Belgian Tripel,10
Dundee India Pale Ale,Dundee Ales & Lagers,IPA - American,6.3
Dundee Pale Ale,Dundee Ales & Lagers,Pale Ale - American,5.3
Dundee Pale Bock Lager,Dundee Ales & Lagers,Maibock/Helles Bock,6.25
Dunegräs,Greenbush Brewing Company,IPA - American,6.7
Dunkel Munich Lager,Squatters Craft Beers,Lager - Dunkel Munich,4
Dwarf Invasion,B. Nektar Meadery,Mead,6
Earth-Like Planets,Brewery Vivant,Pale Ale - Belgian,5.4
Edmund Fitzgerald,Great Lakes Brewing Company ,Porter - American,5.8
Edward's Portly Brown,Witch's Hat Brewing Co.,Brown Ale - American,5.5
Egoiste,Brewery Vivant,Smoked Beer,6.5
El Chavo,Blake's Hard Cider Company,Cider,6.5
El Rojo Red Ale,Griffin Claw Brewing Company,Red Ale - American Amber / Red,6.5
Enjoy By 02.14.16 Black IPA,Stone Brewing Company,IPA - Imperial / Double Black,9.4
Envy Amber,Circle Brewing Co.,Red Ale - American Amber / Red,4.8
Erzulie,Omnipollo,Barleywine - American,13
ESB Amber,Saugatuck Brewing Company,Extra Special / Strong Bitter,5.5
Espresso Stout On Nitro,Squatters Craft Beers,Stout - Other,4
Even Keel,Ballast Point Brewing & Spirits,IPA - Session / India Session Ale,3.8
Evolution Amber Ale,Wasatch Brewery,Red Ale - American Amber / Red,4
Falling Cow,Falling Down Beer Company,Stout - Milk / Sweet,5.7
Farmers Direct Coffee Stout,Witch's Hat Brewing Co.,Stout - Other,3.8
Fat Paczki,Brewery Vivant,Belgian Dubbel,7.5
Fat Tire,New Belgium Brewing Company,Red Ale - American Amber / Red,5.2
Femme Fatale Yuzu Pale,Evil Twin Brewing,IPA - American,6
Fifth Voyage Coconut Porter,Cranker's Brewery,Porter - Other,6.3
Fig Jam Quadruple,Arbor Brewing Company Microbrewery,Belgian Quad,11.7
Final Absolution,Dragonmead Microbrewery,Belgian Tripel,8.5
Finestkind IPA,Smuttynose Brewing Co.,IPA - American,6.9
Firemans #4,Real Ale Brewing Company,Blonde Ale,5.1
Flight of the Angry Beast,Clown Shoes,Stout - Imperial / Double,12
Flower Power,Harmony Brewing Company,Pale Ale - American,5.5
Flying Buffalo Bourbon Imperial Stout (2013),Griffin Claw Brewing Company,Stout - American Imperial / Double,12
Flying Buffalo Russian Imperial Stout,Griffin Claw Brewing Company,Stout - Russian Imperial,11
Fool Hearted IPA,Tenacity Brewing,IPA - American,6.5
For Pete's Sake,Greenbush Brewing Company,Specialty Grain,6
Fort,Dogfish Head Craft Brewery,Fruit Beer,18
Four Hopsmen - Comet Dry Hopped,Oskar Blues Brewery,Pale Ale - American,5.2
Four Hopsmen - HBC Experimental Dry Hopped,Oskar Blues Brewery,Pale Ale - American,5.2
Four Hopsmen - Hop Head Farms Experimental Dry Hopped,Oskar Blues Brewery,Pale Ale - American,5.2
Four Hopsmen - Mandarina Bavaria Dry Hopped,Oskar Blues Brewery,Pale Ale - American,5.2
Frankie's Root Bier,Frankenmuth Brewery,Root Beer,0
Fresh Prince,Right Brain Brewery,IPA - American,5.8
Fuego del Otoño,Jolly Pumpkin Artisan Ales,Bière de Garde,6.1
Full Circle,New Holland Brewing Company,Kölsch,4.9
Full On IPA,B.O.B.'s Brewery,IPA - American,6.3
Fulton & Wood Rasselbock,Goose Island Beer Co.,Bock,6.8
Game Of Thrones - Take The Black Stout,Brewery Ommegang,Stout - Other,7
Game of Thrones - Three Eyed Raven,Brewery Ommegang,Saison / Farmhouse Ale,7.2
Genius Of Suburbia,Flying Monkeys Craft Brewery,IPA - Session / India Session Ale,3.8
George Killian's Irish Stout,Coors Brewing Company,Stout - Irish Dry,4.8
German-Style Dark,Frankenmuth Brewery,Dark Ale,0
Gimme S'more,Against the Grain Brewery & Smokehouse (Kentucky),Smoked Beer,8.2
Ginger Peach Cider,Vander Mill,Cider,6.9
Gingerbread Milk Brown,The Hideout Brewing Company,Brown Ale - American,9.2
Gluteus Minimus,Tilted Axis Brewing Company,Gluten-Free,0
Going Steady IPA,Atwater Brewery,IPA - Session / India Session Ale,4.6
Gold Ale,Perrin Brewing Co.,Golden Ale,4.8
Golden,Molson Coors Canada,Blonde Ale,5
Golden Monkey,Victory Brewing Company,Belgian Tripel,9.5
Golden Spike Hefeweizen,Uinta Brewing Company,Hefeweizen,4
Goose IPA,Goose Island Beer Co.,IPA - English,5.9
Grand Circus IPA,Atwater Brewery,IPA - American,4.5
Grand Cru,Rochester Mills Beer Co.,Belgian Strong Dark Ale,8.3
Grand Trunk Bohemian Pils,Griffin Claw Brewing Company,Pilsner - Other,5
Grapefruit IPA,Perrin Brewing Co.,IPA - American,5
Grapefruit Sculpin,Ballast Point Brewing & Spirits,IPA - American,7
Green Bullet,Green Flash Brewing Company,IPA - Triple,10.1
Greenhouse IPA,Hops & Grain Brewing,IPA - American,7.6
Guanabara,Cervejaria Colorado,Stout - Russian Imperial,10.5
Guinness Blonde American Lager,Guinness,Lager - Pale,5
Guinness Draught,Guinness,Stout - Irish Dry,4.3
Guinness Extra Stout (Canada / USA),Guinness,Stout - Irish Dry,5
Gulo Noir,Wolverine State Brewing Co.,Lager - Black,0
Habanero Sculpin,Ballast Point Brewing & Spirits,Chile Beer,7
Hans' Golden Tripel,Fenton Winery & Brewery,Other,0
Hard Root Beer,Coney Island Brewing Company,Root Beer,5.8
Harpoon Winter Warmer,Harpoon Brewery,Winter Warmer,5.9
"He'Brew Hanukkah, Chanukah (2014)",Shmaltz Brewing Company,Dark Ale,8
Head on Collision,Fenton Winery & Brewery,IPA - Black / Cascadian Dark Ale,8.5
Hell or High Watermelon,21st Amendment Brewery ,Fruit Beer,4.9
Hennepin Farmhouse Saison,Brewery Ommegang,Saison / Farmhouse Ale,7.7
Henry Weinhard's Woodland Pass IPA,Blitz-Weinhard Brewing Company,IPA - American,6
Hey Blackberry,Roak Brewing Co.,Fruit Beer,0
High Alpha,51 North Brewing Company,IPA - American,7.5
Hitch Hiker IPA,ThumbCoast Brewing Company,IPA - American,6.7
Hofbräu Oktoberfestbier,Staatliches Hofbräuhaus München,Festbier,6.3
Honey Blue Blue Cider,Tenacity Brewing,Cider,6
Honey BzZz,Acoustic Brewing Company,Mead,6
Hop Stoopid,Lagunitas Brewing Company,IPA - Imperial / Double,8
Hop Stout (Hop Kitchen),New Belgium Brewing Company,Stout - Imperial / Double,8
Hop Tart (Hop Kitchen),New Belgium Brewing Company,Sour Ale,5
Hop Zeppelin,B.O.B.'s Brewery,IPA - Black / Cascadian Dark Ale,5.6
Hop-A-Peel,Atwater Brewery,IPA - American,7.5
Hopmouth Double IPA,Arcadia Brewing Company (Arcadia Ales),IPA - Imperial / Double,8.1
Hopslam Ale,"Bell's Brewery, Inc.",IPA - Imperial / Double,10
Hotbox Brown Ale,Perrin Brewing Co.,Brown Ale - American,5.5
Hotto Chokoretto,Black Lotus Brewery,Porter - Other,5.5
Houblon Chouffe,Brasserie d'Achouffe,IPA - Belgian,9
How Do You Like Them Little Apples,Moonlight Meadery,Cider,6.9
Hulk-Roggen Bier,Griffin Claw Brewing Company,Roggenbier,5.5
Ichabod Ale,New Holland Brewing Company,Pumpkin / Yam Beer,5.2
Ichtegem's Grand Cru,Brouwerij Strubbe,Flanders Red Ale,6.5
Icy Bay IPA,Alaskan Brewing Co.,IPA - American,6.2
Ignescent Amber,Fenton Winery & Brewery,Red Ale - American Amber / Red,5.3
Illusive Traveler Grapefruit Shandy,Traveler Beer Co.,Pale Wheat Ale - American,4.4
Imperial Biscotti Break Natale Pretty Please With A Cherry On Top,Evil Twin Brewing,Porter - Imperial / Double,11.5
Imperial Black Saison,Ten Ninety Brewing Company,Saison / Farmhouse Ale,10.1
Imperial Cinnamon Hefeweizen,Cheboygan Brewing Company,Hefeweizen,7.9
Imperial Island Fever,Latitude 42 Brewing Company,Stout - Imperial / Double,8.4
Imperial Russian Stout,Stone Brewing Company,Stout - Russian Imperial,10.6
Imperial Witbier,Ten Ninety Brewing Company,Witbier,10.1
In-Heat Wheat,Flying Dog Brewery,Hefeweizen,4.7
Indispensable,Greenbush Brewing Company,IPA - American,8.2
Indra Kunindra,Ballast Point Brewing & Spirits,Stout - Foreign / Export,7
Inquisition Pale Ale,Dragonmead Microbrewery,Pale Ale - English,5.2
Insanity,Weyerbacher Brewing Company,Barleywine - English,11.1
Insanity (2014),Weyerbacher Brewing Company,Barleywine - English,11.1
IPA,Lagunitas Brewing Company,IPA - American,6.2
IPA (India Pale Ale),Arcadia Brewing Company (Arcadia Ales),IPA - American,6
Irish Breakfast Oatmeal Stout,Cranker's Brewery,Stout - Oatmeal,4.7
Irish Car Bomb Stout,B.O.B.'s Brewery,Stout - Other,0
Irish Creme Stout,The Hideout Brewing Company,Stout - Other,5.6
Irreverent Belgian Strong Ale,Kuhnhenn Brewing Company ,Belgian Strong Pale Ale,10
Island Fever,Latitude 42 Brewing Company,Stout - Milk / Sweet,4.5
Jackhammer Old Ale,ABC Brewpub,Old Ale,8.5
Jadis,Greenbush Brewing Company,Pale Wheat Ale - American,6.1
Japanese Green Tea IPA (Second Edition),Stone Brewing Company,IPA - American,10.1
Java Chip Mint Stout,Odd Side Ales,Stout - Other,6
Jesse's Party IPA,Odd Side Ales,IPA - American,6
Josh On The Beach,Odd Side Ales,IPA - American,6.25
Juicebox Hero,Greenbush Brewing Company,Pale Ale - American,6.3
Juicy Tree,Short's Brewing Company,IPA - American,7.5
K2 Strawberry Blonde,Dragonmead Microbrewery,Blonde Ale,4
Kasteel Cuvée du Château,Brouwerij Van Honsebrouck,Belgian Quad,11
Kasteel Donker,Brouwerij Van Honsebrouck,Belgian Quad,11
Kasteel Hoppy,Brouwerij Van Honsebrouck,Pale Ale - Belgian,6.5
Kasteel Rouge,Brouwerij Van Honsebrouck,Fruit Beer,8
Kein Lacheln Mein Nachbar,Against the Grain Brewery & Smokehouse (Kentucky),Kellerbier / Zwickelbier,6.5
Kentucky Breakfast Stout (KBS),Founders Brewing Co.,Stout - American Imperial / Double,11.2
Kill All The Golfers,B. Nektar Meadery,Mead,6
King Cobra Malt Liquor,Anheuser-Busch,Malt Liquor ,6
Kolsch 45,Short's Brewing Company,Kölsch,5
Kummerspeckfest,Against the Grain Brewery & Smokehouse (Kentucky),Märzen,6.5
Kurt's Apple Pie,Moonlight Meadery,Mead,14
La Résolution,Unibroue,Belgian Strong Dark Ale,10
Labatt Blue,Labatt Brewing Company,Lager - North American Adjunct,5
Labatt Blue Light,Labatt Brewing Company,Lager - American Light,4
Lambrucha,Vanberg & DeWulf,Lambic,3.5
Lapeer A.M.,Tilted Axis Brewing Company,Stout - Other,4.5
Latter Day Stout,Desert Edge Brewery,Stout - Irish Dry,4.2
Le Flaneur Ale,Brewery Vivant,Sour Ale,7.3
Le Freak,Green Flash Brewing Company,IPA - Belgian,9.2
Le Merle,North Coast Brewing Company,Saison / Farmhouse Ale,7.9
Le Quatre,Red Rock Brewing Co.,Saison / Farmhouse Ale,6
Le Terroir (Lips of Faith),New Belgium Brewing Company,American Wild Ale,7.5
Lemon Peel Rose Hips Wheat,Falling Down Beer Company,Pale Wheat Ale - American,5.2
Levitation Ale,Stone Brewing Company,Red Ale - American Amber / Red,4.4
Lil' Griz,Perrin Brewing Co.,Brown Ale - American,6.8
Lilikoi Wheat,Latitude 42 Brewing Company,Fruit Beer,5.4
Lindsay's S'more Porter (Lips of Faith),New Belgium Brewing Company,Porter - American,8.25
Little Bavaria Pilsener,Frankenmuth Brewery,Pilsner - German,5.25
Live Wire,Roak Brewing Co.,IPA - American,7.5
Local's,Short's Brewing Company,Lager - American Light,4
Lone Star Beer,Pabst Brewing Company,Lager - North American Adjunct,4.72
Long of Tooth,De Proefbrouwerij,Old Ale,10
Longboard Island Lager,Kona Brewing Company,Lager - Pale,4.6
Low Key,Magic Hat Brewing Company,IPA - Session / India Session Ale,4.5
Lucifer's Cuvée,Latitude 42 Brewing Company,Stout - Oatmeal,8.4
Luckenbock,South Austin Brewery,Bock,7
Lukcy Basartd Ale,Arrogant Bastard Brewing Company,Strong Ale - American,8.5
Main Street Pilsner,Bastone Brewery,Pilsner - Other,5.5
Malevolent,Nickel Brook Brewing Co.,IPA - Imperial / Double Black,9.5
Malted Milk Ball Imperial Porter,Perrin Brewing Co.,Porter - Imperial / Double,11.3
Maracaibo Especial,Jolly Pumpkin Artisan Ales,Sour Ale,7.5
Marte,Caber Beer,Scotch Ale / Wee Heavy,7.2
McSorley's Irish Black Lager,Pabst Brewing Company,Lager - Black,5.5
Meine Porter Weisse (TAP X),Schneider Weisse G. Schneider & Sohn,Weizenbock,7
Melon Ballie & The Infinite Radness,Founders Brewing Co.,Pale Wheat Ale - American,6.3
Melon-Choly,Falling Down Beer Company,Pale Ale - American,6.3
Melonfest,Roak Brewing Co.,Pale Wheat Ale - American,5.5
Melonhead,Shipyard Brewing Company,Fruit Beer,4.4
Melt My Brain,Short's Brewing Company,Golden Ale,6.1
Mercury: The Winged Messenger (Planets Series),"Bell's Brewery, Inc.",Pale Ale - Belgian,4.8
Merry Christmas & Happy New Year (Our Special Ale) (2014),Anchor Brewing Company,Winter Warmer,5.5
Merry Christmas & Happy New Year (Our Special Ale) (2015),Anchor Brewing Company,Winter Warmer,5.5
Merry Monks,Weyerbacher Brewing Company,Belgian Tripel,9.3
Michelob AmberBock,Anheuser-Busch,Bock,5.1
Michelob ULTRA,Anheuser-Busch,Lager - American Light,4.2
Michigan Cherry Tripel,Griffin Claw Brewing Company,Belgian Tripel,8.5
Michigan Suburban Home,Falling Down Beer Company,IPA - American,7.9
Michilimackinac Imperial Stout,Leelanau Brewing Company,Porter - Imperial / Double,8
Midnight Maple,Boatyard Brewing Company,Cream Ale,6.4
Mighty Arrow Pale Ale,New Belgium Brewing Company,Pale Ale - American,6
Milk Stout,Tenacity Brewing,Stout - Milk / Sweet,4.5
Milk Stout Nitro,Left Hand Brewing Company,Stout - Milk / Sweet,6
Milkshake Stout,Rochester Mills Beer Co.,Stout - Milk / Sweet,5
Miller Lite,Miller Brewing Company,Lager - American Light,4.17
Mistress Jade's Hemp Ale,Sherwood Brewing Company,Pale Ale - American,6
MMMKay,Short's Brewing Company,Lager - IPL (India Pale Lager),5
MoMoShoga,Wolverine State Brewing Co.,Fruit Beer,6.5
Monumental Blonde,Bastone Brewery,Blonde Ale,4.5
Morning Glory Espresso Stout,Dominion Brewing Co.,Stout - American Imperial / Double,9
Mosaic Mama's Little Yella Pils,Oskar Blues Brewery,Pilsner - Other,5.3
Mother Cluster,Falling Down Beer Company,Cream Ale,6.2
Mother Lager,Magic Hat Brewing Company,Lager - Pale,5
Mr. Blue Sky,Griffin Claw Brewing Company,Pale Wheat Ale - American,4
Ms. Michigan Pale Ale,Black Lotus Brewery,Pale Ale - American,7
Multi Pass,Brewery Vivant,Saison / Farmhouse Ale,6
Mundus Novus,ABC Brewpub,Belgian Dubbel,8.5
Mystery Stout,Short's Brewing Company,Stout - Imperial Oatmeal,8.4
N'Ice Chouffe,Brasserie d'Achouffe,Winter Warmer,10
Nagelweiss Wheat Beer,Dragonmead Microbrewery,Hefeweizen,4.5
Namaste,Dogfish Head Craft Brewery,Witbier,5
Narwhal Imperial Stout,Sierra Nevada Brewing Co.,Stout - American Imperial / Double,10.2
Natty Daddy,Anheuser-Busch,Lager - Pale,8
NBB Love Oscar - Foeder #21,New Belgium Brewing Company,Sour Ale,7.6
Neapolitan Milk Stout,Saugatuck Brewing Company,Stout - Milk / Sweet,6
Nebakanezer,Roak Brewing Co.,Pale Ale - American,6
Necromangocon,B. Nektar Meadery,Mead,6
Nectar des Dieux Triple,Bastone Brewery,Belgian Tripel,9
Nectar of the Brewer,Odd Side Ales,Witbier,5
Negra Modelo,Grupo Modelo S.A. de C.V.,Lager -  Vienna / Amber,5.3
Neptune: The Mystic (Planets Series),"Bell's Brewery, Inc.",Stout - American Imperial / Double,9
Netherworld Cascadian Dark Ale,Flying Monkeys Craft Brewery,IPA - Black / Cascadian Dark Ale,6
New World Porter,Avery Brewing Company,Porter - American,6.7
Newcastle Bombshell,Caledonian Brewing Company ,Blonde Ale,4.4
Nib Sip Chub,Oskar Blues Brewery,Porter - Other,8
Night Time Ale,Lagunitas Brewing Company,IPA - Black / Cascadian Dark Ale,8.2
Night Tripper,New Holland Brewing Company,Stout - American Imperial / Double,11.5
Night Wheeler,Short's Brewing Company,Lager - Black,4
Ninja Chicken Pale Ale,Falling Down Beer Company,Pale Ale - American,6.3
Ninja Pirate,Black Lotus Brewery,Barleywine - American,13.5
Nitro IPA,Guinness,IPA - English,5.8
Nitro Oatmeal Stout,Founders Brewing Co.,Stout - Oatmeal,4.5
Nitro Pale Ale,Founders Brewing Co.,Pale Ale - American,5.4
No Rules Vietnamese Porter,Perrin Brewing Co.,Porter - Imperial / Double,15
Noble Rot,Dogfish Head Craft Brewery,Saison / Farmhouse Ale,9
Noire de Chambly / Chambly Noire,Unibroue,Belgian Strong Dark Ale,6.2
Norm's Gateway IPA (Session IPA),Griffin Claw Brewing Company,IPA - Session / India Session Ale,4
Norm's Raggedy Ass IPA,Griffin Claw Brewing Company,IPA - American,7.2
North Shore Iron Works,Right Brain Brewery,Barleywine - English,8.9
Northern Hawk Owl,Right Brain Brewery,Red Ale - American Amber / Red,5.8
Northern Kolsch,Royal Oak Brewery,Kölsch,4
Northern Light,Royal Oak Brewery,Golden Ale,4.6
Not Your Father's Ginger Ale,Small Town Brewery,Ginger Beer,5.9
Not Your Father's Root Beer (10.7%),Small Town Brewery,Root Beer,10.7
Not Your Father's Root Beer (5.9%),Small Town Brewery,Root Beer,5.9
Oak Aged Back Burner (2013),Southern Tier Brewing Company,Barleywine - American,9.6
Oatmeal stout,Homebrew,Stout - Oatmeal,6
OB.LIV.I.OUS - (2014) Bourbon Barrel Aged,Griffin Claw Brewing Company,Wheat Wine,10
OB.LIV.I.OUS - (2015) Bourbon Barrel Aged,Griffin Claw Brewing Company,Wheat Wine,10
Oberon Ale,"Bell's Brewery, Inc.",Pale Wheat Ale - American,5.8
Oculto,Broken Barrel Brewing Co.,Lager - North American Adjunct,6
Oktoberfest,Rochester Mills Beer Co.,Märzen,6.2
Oktoberfest - Brauhaus Riegele (2015),Sierra Nevada Brewing Co.,Märzen,6
Oktoberfest Lager,Frankenmuth Brewery,Märzen,5.27
Old Chub Nitro,Oskar Blues Brewery,Scotch Ale / Wee Heavy,8
Old Guardian Barley Wine - Extra Hoppy (2015),Stone Brewing Company,Barleywine - American,11
Old Rasputin,North Coast Brewing Company,Stout - Russian Imperial,9
Old Scratch Amber Lager,Flying Dog Brewery,Lager - American Amber / Red,5.5
Olde GnarlyWine,Lagunitas Brewing Company,Barleywine - American,10.6
Olde School,Dogfish Head Craft Brewery,Barleywine - American,15
Onda Mosaic Pale Ale,Omnipollo,Pale Ale - American,5
Orchard Lurker,Right Brain Brewery,Fruit Beer,7.6
Oronoko Cocoa Stout,The Round Barn Winery & Brewery,Stout - Milk / Sweet,5.8
Oscar Worthy Coffee,New Belgium Brewing Company,Sour Ale,7.6
Otra Vez,Sierra Nevada Brewing Co.,Gose,4.5
OUTATIME,Short's Brewing Company,Weizenbock,5.6
Ovila Abbey Quad (w/ Plums),Sierra Nevada Brewing Co.,Belgian Quad,10.2
Ovila Abbey Saison (w/ Mandarin Oranges and Peppercorns),Sierra Nevada Brewing Co.,Saison / Farmhouse Ale,7.5
Oyster Stout,Falling Down Beer Company,Stout - Oyster,0
Pabst Blue Ribbon,Pabst Brewing Company,Lager - North American Adjunct,5
Pacific Coast Strawberry,Cider Brothers,Cider,6.5
Paint Creek Porter,Rochester Mills Beer Co.,Porter - Other,5.6
Paint Creek Tangerine Wheat,51 North Brewing Company,Pale Wheat Ale - American,5.7
Pale Ale,Founders Brewing Co.,Pale Ale - American,5.4
Pale Ale 2.0,Stone Brewing Company,Pale Ale - American,6
Palo Santo Marron,Dogfish Head Craft Brewery,Brown Ale - Imperial / Double,12
Papa Burgundy,Short's Brewing Company,Dunkelweizen,5.5
Pappy's Porter,Royal Oak Brewery,Porter - Other,7.5
Paradigm,Rockford Brewing Company (Michigan),Pale Ale - American,6
Paranormal Imperial Pumpkin Ale,Flying Monkeys Craft Brewery,Pumpkin / Yam Beer,10.5
Patersbier,Homebrew,Abbey Ale,0
Peacemaker,Austin Beerworks,Pale Ale - American,5
Peach Hard Cider,Dogfish Head Craft Brewery,Cider,0
Peanut Butter CEO,Right Brain Brewery,Stout - Other,5.5
Peanut Butter Chocolate Milk Stout,The Hideout Brewing Company,Stout - Milk / Sweet,5.6
Pecan Pie Porter (2015),Clown Shoes,Porter - American,8
Péché Mortel,Brasserie Dieu du Ciel!,Stout - American Imperial / Double,9.5
Peppermint Victory At Sea,Ballast Point Brewing & Spirits,Porter - Imperial / Double,10
Perikles,Omnipollo,Pilsner - Other,4.3
Pilgrim's Dole,New Holland Brewing Company,Wheat Wine,12
Pineapple Rye Saison,Tenacity Brewing,Saison / Farmhouse Ale,4.6
Pinner Throwback IPA,Oskar Blues Brewery,IPA - Session / India Session Ale,4.9
Pistil,Magic Hat Brewing Company,Herbed / Spiced Beer,4.5
Pixie Stick,Starcut Ciders,Cider,4.7
Platinum Blonde,Griffin Claw Brewing Company,Lager - Pale,4.5
Pleszures Pale Ale,Rochester Mills Beer Co.,Pale Ale - American,6.1
Pliny the Elder,Russian River Brewing Company,IPA - Imperial / Double,8
Plow Horse,Brewery Vivant,Stout - Other,9.5
Points Unknown IPA,Stone Brewing Company,IPA - Imperial / Double,9.5
Poop Your Pants,Perrin Brewing Co.,Bock,6
Porter,Founders Brewing Co.,Porter - American,6.5
Porter Rico,Arcadia Brewing Company (Arcadia Ales),Porter - Other,5.5
Positive Contact,Dogfish Head Craft Brewery,Fruit Beer,9
Pothole Stout,Brewery Vivant,Stout - Other,6.3
Potlatch,Prairie Artisan Ales,Saison / Farmhouse Ale,7
Power Wagon Wheat Wine,Big Sky Brewing Company,Wheat Wine,11
Premium Remix Post-Colonial Style Ale,Omnipollo,Pale Ale - Belgian,7
Presidente,Cerveceria Nacional Dominicana,Pilsner - Other,5
Primordial Porter,Original Gravity Brewing Company,Porter - Other,6
Pripyat,Sherwood Brewing Company,Stout - Russian Imperial,0
Project PAM,Founders Brewing Co.,IPA - Black / Cascadian Dark Ale,10.8
Prolonged Enjoyment,Short's Brewing Company,IPA - Session / India Session Ale,3.5
Psychopomp,Brewery Vivant,Brown Ale - Belgian,6.2
Pub Ale,Boddington's Brewery,English Bitter,4.7
Pumpkick,New Belgium Brewing Company,Pumpkin / Yam Beer,6
Pumpkin Ale,Wasatch Brewery,Pumpkin / Yam Beer,4
Pumpkin Spice Latte,Atwater Brewery,Pumpkin / Yam Beer,6.8
Purple Prose,Grimm Artisanal Ales,Sour Ale,5.4
Quad (2012),Weyerbacher Brewing Company,Belgian Quad,11.8
Ranger,New Belgium Brewing Company,IPA - American,6.5
Rapunzel,Arcadia Brewing Company (Arcadia Ales),IPA - White,5.8
Raspberry Blonde,Woodward Avenue Brewers,Lager - Pale,5
Razzberry Blonde,Perrin Brewing Co.,Fruit Beer,4.8
Reactor,Tapistry Brewing,IPA - American,7.3
Red,Axle Brewing Company,Red Ale - Irish,5.2
Red Stripe,Desnoes & Geddes,Lager - North American Adjunct,4.7
Red's Rye IPA,Founders Brewing Co.,Rye Beer / Rye IPA,6.6
Redbridge,Anheuser-Busch,Gluten-Free,4
Redwing Raspberry Wheat,Dragonmead Microbrewery,Pale Wheat Ale - American,4.5
Reserve Special Black Ale,Dark Horse Brewing Co.,Porter - Other,7.5
Ridgy Didge,Brooklyn Brewery,Saison / Farmhouse Ale,8.4
Right Hand Red,ThumbCoast Brewing Company,Red Ale - American Amber / Red,5.7
River Bank Brown,Tenacity Brewing,Brown Ale - American,5.5
Roaka Cadabra,Roak Brewing Co.,Brown Ale - Belgian,6.6
Roasted Serrano Peach Mead,Sherwood Brewing Company,Mead,7
Robert Earl Keen Honey Pils,Pedernales Brewing Company,Pilsner - Other,5
Robert The Barrel Brown,B.O.B.'s Brewery,Stout - Russian Imperial,11.3
Rood Red,Tilted Axis Brewing Company,Flanders Red Ale,7
Rosalynn Bliss Blonde,Grand Rapids Brewing Company,Blonde Ale,5.2
Royal IPA,Bastone Brewery,IPA - American,6.75
Royal Oak Red,Royal Oak Brewery,Red Ale - American Amber / Red,5.5
Royal Pride IPA,Royal Oak Brewery,IPA - American,6.2
Rueuze,The Bruery,Gueuze,5.9
Ryan and The Beaster Bunny,Evil Twin Brewing,Saison / Farmhouse Ale,7
Rye-Heart(well) Bock,Grand Rapids Brewing Company,Bock,7.8
S'muttonator,Smuttynose Brewing Co.,Doppelbock ,8.5
Sagarnoa,Cidrerie Txopinondo,Cider,6
Saison Dupont,Brasserie Dupont,Saison / Farmhouse Ale,6.5
Saison St. Clair,Griffin Claw Brewing Company,Saison / Farmhouse Ale,7.5
Salted Caramel Brownie Brown Ale,New Belgium Brewing Company,Brown Ale - American,6.3
Samael's Oak-Aged Ale (2015),Avery Brewing Company,Strong Ale - English,14.6
Samuel Adams Boston Lager,Boston Beer Company (Samuel Adams),Lager -  Vienna / Amber,4.9
Samuel Adams Cold Snap,Boston Beer Company (Samuel Adams),Witbier,5.3
Samuel Adams Escape Route,Boston Beer Company (Samuel Adams),Kölsch,5
Samuel Adams Harvest Saison,Boston Beer Company (Samuel Adams),Saison / Farmhouse Ale,6
Samuel Adams Honey Queen,Boston Beer Company (Samuel Adams),Braggot,7.5
Samuel Adams Latitude 48 IPA (Old Recipe),Boston Beer Company (Samuel Adams),IPA - American,6
Samuel Adams New World,Boston Beer Company (Samuel Adams),Belgian Tripel,10
Samuel Adams Nitro Coffee Stout,Boston Beer Company (Samuel Adams),Stout - American,5.8
Samuel Adams OctoberFest,Boston Beer Company (Samuel Adams),Märzen,5.3
Samuel Adams Porch Rocker,Boston Beer Company (Samuel Adams),Radler,4.5
Samuel Adams Rebel IPA,Boston Beer Company (Samuel Adams),IPA - American,6.5
Samuel Adams Rebel Rider IPA,Boston Beer Company (Samuel Adams),IPA - Session / India Session Ale,4.5
Samuel Adams Rebel Rouser,Boston Beer Company (Samuel Adams),IPA - Imperial / Double,8.4
Samuel Adams Ruby Mild,Boston Beer Company (Samuel Adams),English Mild Ale,5.6
Samuel Adams Summer Ale,Boston Beer Company (Samuel Adams),Pale Wheat Ale - American,5.3
Samuel Adams Winter Lager,Boston Beer Company (Samuel Adams),Lager - Winter,5.6
Sapient Trip Ale,Dark Horse Brewing Co.,Belgian Tripel,9.5
ScareCity #2: Rye Cocoa Porter,Lagunitas Brewing Company,Porter - Imperial / Double,10.19
Schnuggebock,Brauerei Locher,Maibock/Helles Bock,5.2
Schraderbrau Oktoberfest,Black Lotus Brewery,Märzen,5.8
Scottish Ale,Red Rock Brewing Co.,Scottish Ale,4
Screamin' Pumpkin,Griffin Claw Brewing Company,Pumpkin / Yam Beer,5
Sculpin IPA,Ballast Point Brewing & Spirits,IPA - American,7
Scurvy Dan Blood Orange IPA,Falling Down Beer Company,IPA - American,7.5
Senator Lyon's Stout,Grand Rapids Brewing Company,Stout - Irish Dry,5.7
Shiner Bock,Spoetzl Brewery,Bock,4.4
Shiner Bohemian Black Lager (Shiner 97),Spoetzl Brewery,Lager - Black,4.9
Shiner Kosmos Reserve,Spoetzl Brewery,Lager - Pale,4.98
Shiner Premium,Spoetzl Brewery,Lager - Pale,4.5
Shiner Prickly Pear,Spoetzl Brewery,Fruit Beer,4.9
Shiner Wild Hare Pale Ale,Spoetzl Brewery,Pale Ale - American,5.5
Siamese Goat,Frankenmuth Brewery,Doppelbock ,7.8
Sin Eater,Dragonmead Microbrewery,Belgian Strong Dark Ale,11
Sin-Tax Imperial Stout (Peanut Butter),Mother Earth Brew Co. (California),Stout - American Imperial / Double,8.1
Singapore IPA,Saugatuck Brewing Company,IPA - American,7
Singel,Hardywood Park Craft Brewery,Blonde Ale - Belgian Blonde / Golden,6.2
Single Chair,Magic Hat Brewing Company,Golden Ale,5
Single Origin,Perrin Brewing Co.,Golden Ale,3.9
Single Speed,4 Hands Brewing Co.,Blonde Ale,5
Sinister Vertigo Imperial Stout,Odd Side Ales,Stout - Russian Imperial,9.5
Sir Dunkle Crisp Dark Lager,"Berghoff Brewery, Inc.",Lager - Dunkel Munich,5.5
Sit Down Session,Tenacity Brewing,IPA - Session / India Session Ale,4.5
Ski Patrol,Brewery Vivant,Witbier,6.1
Skinny Dipper Golden Ale,ThumbCoast Brewing Company,Golden Ale,5.9
Sky High Rye,Arcadia Brewing Company (Arcadia Ales),Rye Beer / Rye IPA,6
Smokey CEO Stout,Right Brain Brewery,Smoked Beer,5.5
Smooth Operator,Right Brain Brewery,Cream Ale,3.8
Snake Dog IPA,Flying Dog Brewery,IPA - American,7.1
Snapshot,New Belgium Brewing Company,Pale Wheat Ale - American,5
Sno White Ale,MIP BEER,Witbier,4.8
Snow Drift Winter Ale,Royal Oak Brewery,Winter Ale,7.5
Snow Roller,Magic Hat Brewing Company,Brown Ale - American,6.2
Snowbank Chocolate Honey Black Rye,51 North Brewing Company,Rye Beer / Rye IPA,8
Sobek & Set,Finch's Beer Company,IPA - Black / Cascadian Dark Ale,8
Soft Parade,Short's Brewing Company,Fruit Beer,7.5
Sonnet ,Southern Tier Brewing Company,Saison / Farmhouse Ale,8.5
Sotto Voce,Greenbush Brewing Company,Pale Wheat Ale - American,6.3
Space Rock,Short's Brewing Company,Pale Ale - American,5
Spaceboy Stout,B.O.B.'s Brewery,Stout - Oatmeal,6
Sparkleberry,"Bell's Brewery, Inc.",Fruit Beer,8.3
Special Double Cream Stout,"Bell's Brewery, Inc.",Stout - American,6.1
Spruce Pilsner,Short's Brewing Company,Pilsner - Imperial / Double,7
St. Bernardus Tripel,Brouwerij St. Bernardus,Belgian Tripel,8
St. Pauli Girl Lager,Brauerei Beck,Lager - Helles,4.9
Standard,Prairie Artisan Ales,Saison / Farmhouse Ale,5.6
Starburst Wheat,Saugatuck Brewing Company,Witbier,5.1
Stealin' Time,Magic Hat Brewing Company,Pale Wheat Ale - American,5.5
Steely Danzig,Short's Brewing Company,Brown Ale - Belgian,5.5
Stella Artois,Stella Artois,Lager - Euro,5.2
Stellar Ale,Short's Brewing Company,IPA - American,5.3
Stereovision,Flying Monkeys Craft Brewery,Pale Wheat Ale - American,5.5
Stochasticity Project: Quadrotriticale,Stone Brewing Company,Belgian Quad,9.3
Stone Saison,Stone Brewing Company,Saison / Farmhouse Ale,6
Stone Smoked Porter w/Chocolate & Orange Peel,Stone Brewing Company,Smoked Beer,5.9
Strawberry Blonde,ABC Brewpub,Fruit Beer,7.7
Stroker Ace,Short's Brewing Company,IPA - American,4
Strutter,Bitter Old Fecker Rustic Ales,IPA - American,10.2
Summer Ale,Goose Island Beer Co.,Pale Ale - American,5
Summer Shandy,Jacob Leinenkugel Brewing Company,Radler,4.2
Summer Wonder,Kuhnhenn Brewing Company ,Bock,13
Summershine Wheat,Fenton Winery & Brewery,Pale Wheat Ale - American,5
Sundog Amber Ale,New Holland Brewing Company,Red Ale - American Amber / Red,6
Sweep The Leg - Peanut Butter Stout,Infamous Brewing Company,Stout - American,8
Tangerine Dream,Ellison Brewery + Spirits,Cream Ale,4.5
Tangier,Southern Tier Brewing Company,IPA - Session / India Session Ale,4.6
Ten FIDY,Oskar Blues Brewery,Stout - American Imperial / Double,10.5
ThaIPA,Black Lotus Brewery,IPA - Imperial / Double,9
The Abyss,Deschutes Brewery,Stout - American Imperial / Double,11
The Bennie,Granite City Food & Brewery,Bock,5.5
The Birds And the Bees,Tilted Axis Brewing Company,Cyser,13.5
The Carhartt Woodsman,New Holland Brewing Company,Pale Ale - American,4.5
The Fishladder,Grand Rapids Brewing Company,IPA - American,7.5
The Fluffer: Session IPA,Kuhnhenn Brewing Company ,IPA - Session / India Session Ale,4.5
The Gimli,Black Lotus Brewery,Extra Special / Strong Bitter,6.3
The Hump,Harsens Island Brewery,Maibock/Helles Bock,6.3
The John Ball Brown,Grand Rapids Brewing Company,Brown Ale - American,6.2
The Kaiser Imperial Oktoberfest,Avery Brewing Company,Märzen,9.73
"The Kimmie, The Yink & The Holy Gose Ale",Anderson Valley Brewing Company,Gose,4.2
The Matador Version 2.0 El Toro Bravo,Flying Monkeys Craft Brewery,Rye Beer / Rye IPA,10.1
The Mechanic Baltic Porter,Dutch Girl Brewery,Porter - Baltic,7.2
Third Coast Old Ale,"Bell's Brewery, Inc.",Barleywine - American,10.2
Third Rail Tripel Lemon,Griffin Claw Brewing Company,Belgian Tripel,9
Thirsty Goat Amber,Thirsty Planet Brewing Company,Red Ale - American Amber / Red,6.5
Thrash Punk Kolsch,Witch's Hat Brewing Co.,Kölsch,5
Thunder Trail,Arcadia Brewing Company (Arcadia Ales),Extra Special / Strong Bitter,6
Tongue Tied Cherry Saison,Rochester Mills Beer Co.,Saison / Farmhouse Ale,5.75
Torpedo Extra IPA,Sierra Nevada Brewing Co.,IPA - American,7.2
Totally Roasted,Vander Mill,Cider,6.9
Toxic Sludge,Blue Point Brewing Company,IPA - Black / Cascadian Dark Ale,7
Trap Queen,Tenacity Brewing Co,IPA - American,6
Tree Bucket,Brewery Vivant,IPA - Imperial / Double,9.3
Tres Blueberry Stout,Dark Horse Brewing Co.,Stout - American,7.5
Triomphe,Brewery Vivant,IPA - Belgian,6.5
Tripel Karmeliet,Brouwerij Bosteels,Belgian Tripel,8.4
Tripel Treat,Roak Brewing Co.,Belgian Tripel,9.5
Trippel,New Belgium Brewing Company,Belgian Tripel,8.5
Trois Pistoles,Unibroue,Belgian Strong Dark Ale,9
Tropical Kill All The Golfers,B. Nektar Meadery,Mead,6
Turbodog,Abita Brewing Company,Brown Ale - English,5.6
Tutti Frutti,Griffin Claw Brewing Company,Sour Ale,4
Twenty One,Avery Brewing Company,Brown Ale - Imperial / Double,8.3
Twist of Cain,Short's Brewing Company,Lager - Black,8.8
Two Hearted Ale,"Bell's Brewery, Inc.",IPA - American,7
UFO Big Squeeze Shandy,Harpoon Brewery,Radler,4.5
Uncle Louie's Cocktail,Perrin Brewing Co.,Braggot,6.5
Undead Party Crasher,Clown Shoes,Stout - American Imperial / Double,10
Under the Kilt,Dragonmead Microbrewery,Scotch Ale / Wee Heavy,7.5
Undertaker,Brewery Vivant,Belgian Strong Dark Ale,6.7
Unite Red Ale,MIP BEER,Red Ale - American Amber / Red,4.6
Urthel Samaranth,Microbrouwerij Urthel,Belgian Quad,11.5
Vampire Bunnies,Falling Down Beer Company,Blonde Ale,5
Vanilla Bean Porter,Farmington Brewing Company,Porter - American,6.3
Vanilla Java Porter,Atwater Brewery,Porter - English,4.5
Vanilla Porter,Gonzo's BiggDogg Brewing,Porter - Other,7
Venus: The Bringer of Peace (Planets Series),"Bell's Brewery, Inc.",Blonde Ale,7.5
Vicaris Tripel-Gueuze,Brouwerij Dilewyns,Gueuze,7
Vicious,North Peak Brewing Company,IPA - American,6.7
Violin Monster,ABC Brewpub,Belgian Strong Dark Ale,9.5
Vivant Tripel,Brewery Vivant,Belgian Tripel,8.25
Voodoo Vator Doppelbock,Atwater Brewery,Doppelbock ,9
Wakefire,Blake's Hard Cider Company,Cider,6.5
Wayward Winter Hard Cider,Blake's Hard Cider Company,Cider,6.5
We Be Jammin',Odd Side Ales,Pale Wheat Ale - American,4.5
Weihenstephaner Hefeweissbier,Bayerische Staatsbrauerei Weihenstephan,Hefeweizen,5.4
West Side Wheat,Wolverine State Brewing Co.,Witbier,4.5
Whango,Atwater Brewery,Witbier,4.8
Wheach,O'Fallon Brewery,Fruit Beer,5.1
White Hatter,New Holland Brewing Company,Pale Ale - Belgian,5.5
White Rascal,Avery Brewing Company,Witbier,5.6
Whitsun Ale,Arcadia Brewing Company (Arcadia Ales),Pale Wheat Ale - American,6.2
Widow Maker Black Ale,Keweenaw Brewing Company,Dark Ale,5
Wild Horse Porter,Brooklyn Brewery,Porter - Other,6.5
Wild² (Lips of Faith),New Belgium Brewing Company,Belgian Dubbel,8
Wildflower Mead,B. Nektar Meadery,Mead,14
Wilhelm Scream,Magic Hat Brewing Company,Pumpkin / Yam Beer,5.4
Winter King Altbier,Sherwood Brewing Company,Altbier,5.5
Winter Sun,Tilted Axis Brewing Company,Saison / Farmhouse Ale,6
Winter Wheat,Falling Down Beer Company,Winter Ale,7.1
Winter White Ale,"Bell's Brewery, Inc.",Witbier,5
WIT,Weyerbacher Brewing Company,Witbier,4.6
Wit Happens,Short's Brewing Company,Witbier,4.9
Witface,Bastone Brewery,Witbier,5.25
With Kindness,Perrin Brewing Co.,Barleywine - English,12.8
Wits Organic,Rochester Mills Beer Co.,Witbier,6.1
Wizard Burial Ground,Brewery Vivant,Belgian Quad,10.4
Wizard Burial Ground (2016),Brewery Vivant,Belgian Quad,10.4
Woodchuck Hard Cider Private Reserve Pumpkin,Woodchuck Cidery,Cider,6.9
Woody Stowaway,Right Brain Brewery,Saison / Farmhouse Ale,6
WorldBrew3,Oskar Blues Brewery,Hefeweizen,0
Wowee Zowee,Short's Brewing Company,Fruit Beer,6
Yacht,Stillwater Artisanal Ales,Lager - Pale,4.2
Yes Honey Amber,Fenton Winery & Brewery,Lager - North American Adjunct,5.6
Zaison,Brewery Vivant,Saison / Farmhouse Ale,9
Zombie Killer Cherry Cyser,B. Nektar Meadery,Cyser,7
Zoo Brew,Griffin Claw Brewing Company,Red Ale - American Amber / Red,5.5
